attack_type,sample_count,rank,feature,feature_type,mean_abs_shap,mean_signed_shap,percentage_contribution
DoS Attack,380,1,rolling_time_delta_5,Numeric,3.465857,3.462092,43.47
DoS Attack,380,2,plant_duplicate_ratio_19,Numeric,2.14612,2.14612,26.92
DoS Attack,380,3,rolling_time_delta_std_5,Numeric,0.628112,0.354742,7.88
DoS Attack,380,4,time_delta,Numeric,0.580385,0.516035,7.28
DoS Attack,380,5,topic,Categorical,0.113225,-0.113225,1.42
DoS Attack,380,6,device_mean_deviation,Numeric,0.099157,0.01734,1.24
DoS Attack,380,7,rolling_global_td_std_10,Numeric,0.093822,-0.0262,1.18
DoS Attack,380,8,rolling_std_3,Numeric,0.09332,0.055487,1.17
DoS Attack,380,9,rolling_global_td_10,Numeric,0.089671,0.089472,1.12
DoS Attack,380,10,percentage_change,Numeric,0.079658,0.060061,1.0
Replay Attack,387,1,rolling_global_td_std_10,Numeric,4.022852,4.022852,37.84
Replay Attack,387,2,packet_rate_10,Numeric,1.538283,1.529427,14.47
Replay Attack,387,3,rolling_time_delta_std_5,Numeric,1.297277,1.297277,12.2
Replay Attack,387,4,plant_duplicate_ratio_19,Numeric,1.093262,0.91641,10.28
Replay Attack,387,5,rolling_time_delta_5,Numeric,0.623846,-0.425635,5.87
Replay Attack,387,6,rolling_seq_std_5,Numeric,0.444365,0.444365,4.18
Replay Attack,387,7,seq_gap_dev,Numeric,0.329055,0.324825,3.1
Replay Attack,387,8,rolling_global_td_10,Numeric,0.216507,0.155392,2.04
Replay Attack,387,9,time_delta,Numeric,0.163247,0.062481,1.54
Replay Attack,387,10,global_time_delta,Numeric,0.154856,0.154379,1.46
Packet Delay Attack,361,1,rolling_time_delta_5,Numeric,3.544593,3.544593,50.37
Packet Delay Attack,361,2,rolling_time_delta_std_5,Numeric,0.79771,0.704098,11.33
Packet Delay Attack,361,3,time_delta,Numeric,0.622825,0.500485,8.85
Packet Delay Attack,361,4,plant_duplicate_ratio_19,Numeric,0.489154,0.015576,6.95
Packet Delay Attack,361,5,topic,Categorical,0.201778,-0.201778,2.87
Packet Delay Attack,361,6,rolling_global_td_10,Numeric,0.146364,0.131211,2.08
Packet Delay Attack,361,7,rolling_global_td_std_10,Numeric,0.139918,-0.076534,1.99
Packet Delay Attack,361,8,global_time_delta,Numeric,0.134836,0.045203,1.92
Packet Delay Attack,361,9,device_mean_deviation,Numeric,0.123002,0.066504,1.75
Packet Delay Attack,361,10,device_seq_gap,Numeric,0.090241,0.022122,1.28
Packet Drop Attack,355,1,rolling_time_delta_5,Numeric,3.613787,3.613787,46.94
Packet Drop Attack,355,2,rolling_time_delta_std_5,Numeric,1.184936,1.133885,15.39
Packet Drop Attack,355,3,plant_duplicate_ratio_19,Numeric,0.842523,-0.838496,10.94
Packet Drop Attack,355,4,time_delta,Numeric,0.682354,0.634167,8.86
Packet Drop Attack,355,5,topic,Categorical,0.200795,-0.200795,2.61
Packet Drop Attack,355,6,rolling_global_td_10,Numeric,0.148506,0.120394,1.93
Packet Drop Attack,355,7,rolling_global_td_std_10,Numeric,0.133966,-0.038032,1.74
Packet Drop Attack,355,8,global_time_delta,Numeric,0.104977,0.007475,1.36
Packet Drop Attack,355,9,device_mean_deviation,Numeric,0.103097,0.044281,1.34
Packet Drop Attack,355,10,packet_rate_10,Numeric,0.083999,-0.030976,1.09
MQTT Topic Hijacking,388,1,topic,Categorical,7.238078,7.236476,66.77
MQTT Topic Hijacking,388,2,rolling_time_delta_std_5,Numeric,0.825562,0.80204,7.62
MQTT Topic Hijacking,388,3,plant_duplicate_ratio_19,Numeric,0.804837,-0.804837,7.42
MQTT Topic Hijacking,388,4,time_delta,Numeric,0.689332,0.684174,6.36
MQTT Topic Hijacking,388,5,rolling_time_delta_5,Numeric,0.369907,0.119636,3.41
MQTT Topic Hijacking,388,6,rolling_global_td_std_10,Numeric,0.116625,-0.061953,1.08
MQTT Topic Hijacking,388,7,rolling_global_td_10,Numeric,0.113412,0.109826,1.05
MQTT Topic Hijacking,388,8,global_time_delta,Numeric,0.066573,-0.004371,0.61
MQTT Topic Hijacking,388,9,device_mean_deviation,Numeric,0.062395,0.00243,0.58
MQTT Topic Hijacking,388,10,z_score,Numeric,0.058663,-0.040722,0.54
Sensor Spoofing Attack,11,1,device_id,Categorical,2.200811,2.200811,24.12
Sensor Spoofing Attack,11,2,plant_duplicate_ratio_19,Numeric,1.329136,-1.329136,14.57
Sensor Spoofing Attack,11,3,percentage_change,Numeric,1.050722,1.050722,11.51
Sensor Spoofing Attack,11,4,value,Numeric,0.958957,0.958957,10.51
Sensor Spoofing Attack,11,5,rolling_time_delta_std_5,Numeric,0.377717,0.24817,4.14
Sensor Spoofing Attack,11,6,rolling_std_10,Numeric,0.34769,0.34769,3.81
Sensor Spoofing Attack,11,7,z_score,Numeric,0.310759,0.310759,3.41
Sensor Spoofing Attack,11,8,is_duplicate_value,Numeric,0.275793,0.275793,3.02
Sensor Spoofing Attack,11,9,time_delta,Numeric,0.271864,-0.225833,2.98
Sensor Spoofing Attack,11,10,rolling_std_3,Numeric,0.260199,0.260199,2.85
False Data Injection Attack,392,1,plant_duplicate_ratio_19,Numeric,5.431473,5.431473,61.79
False Data Injection Attack,392,2,time_delta,Numeric,0.883892,0.882415,10.05
False Data Injection Attack,392,3,rolling_std_3,Numeric,0.319414,0.20968,3.63
False Data Injection Attack,392,4,rolling_time_delta_std_5,Numeric,0.269716,0.241217,3.07
False Data Injection Attack,392,5,percentage_change,Numeric,0.249456,0.105265,2.84
False Data Injection Attack,392,6,rolling_time_delta_5,Numeric,0.245401,0.135061,2.79
False Data Injection Attack,392,7,value,Numeric,0.128802,0.107902,1.47
False Data Injection Attack,392,8,z_score,Numeric,0.123367,0.056529,1.4
False Data Injection Attack,392,9,topic,Categorical,0.111881,-0.111881,1.27
False Data Injection Attack,392,10,rolling_std_5,Numeric,0.096763,0.095401,1.1
Sensor Drift Attack,399,1,plant_duplicate_ratio_19,Numeric,5.22652,5.22652,57.33
Sensor Drift Attack,399,2,time_delta,Numeric,1.16169,1.154669,12.74
Sensor Drift Attack,399,3,rolling_std_3,Numeric,0.343313,0.265416,3.77
Sensor Drift Attack,399,4,rolling_time_delta_5,Numeric,0.320668,0.16465,3.52
Sensor Drift Attack,399,5,rolling_time_delta_std_5,Numeric,0.314963,0.285465,3.45
Sensor Drift Attack,399,6,percentage_change,Numeric,0.281627,0.271095,3.09
Sensor Drift Attack,399,7,value,Numeric,0.115338,0.090677,1.27
Sensor Drift Attack,399,8,rolling_global_td_std_10,Numeric,0.112917,0.009433,1.24
Sensor Drift Attack,399,9,rolling_std_5,Numeric,0.112191,0.110553,1.23
Sensor Drift Attack,399,10,z_score,Numeric,0.111441,0.083057,1.22
Sensor Freeze Attack,402,1,plant_duplicate_ratio_19,Numeric,5.757331,5.757331,63.89
Sensor Freeze Attack,402,2,rolling_time_delta_5,Numeric,1.378079,1.378079,15.29
Sensor Freeze Attack,402,3,time_delta,Numeric,0.599245,0.480101,6.65
Sensor Freeze Attack,402,4,rolling_time_delta_std_5,Numeric,0.23719,0.050379,2.63
Sensor Freeze Attack,402,5,topic,Categorical,0.135364,-0.135364,1.5
Sensor Freeze Attack,402,6,seq_gap_dev,Numeric,0.098078,0.024116,1.09
Sensor Freeze Attack,402,7,rolling_global_td_std_10,Numeric,0.094457,-0.034316,1.05
Sensor Freeze Attack,402,8,global_time_delta,Numeric,0.072154,-0.029443,0.8
Sensor Freeze Attack,402,9,rolling_global_td_10,Numeric,0.068394,0.047462,0.76
Sensor Freeze Attack,402,10,z_score,Numeric,0.055064,-0.022802,0.61
Sensor Noise Injection Attack,380,1,plant_duplicate_ratio_19,Numeric,5.142749,5.073396,58.04
Sensor Noise Injection Attack,380,2,time_delta,Numeric,1.206402,1.160152,13.61
Sensor Noise Injection Attack,380,3,rolling_time_delta_5,Numeric,0.571359,0.459675,6.45
Sensor Noise Injection Attack,380,4,rolling_time_delta_std_5,Numeric,0.301732,0.274795,3.41
Sensor Noise Injection Attack,380,5,rolling_std_3,Numeric,0.273375,0.199407,3.09
Sensor Noise Injection Attack,380,6,percentage_change,Numeric,0.163552,0.050922,1.85
Sensor Noise Injection Attack,380,7,topic,Categorical,0.112583,-0.112583,1.27
Sensor Noise Injection Attack,380,8,rolling_global_td_std_10,Numeric,0.104547,0.03404,1.18
Sensor Noise Injection Attack,380,9,rolling_std_5,Numeric,0.08765,0.082804,0.99
Sensor Noise Injection Attack,380,10,rolling_std_10,Numeric,0.086494,0.06996,0.98
Motor Overload Attack,93,1,percentage_change,Numeric,0.810705,0.775325,11.3
Motor Overload Attack,93,2,plant_duplicate_ratio_19,Numeric,0.777858,0.568201,10.84
Motor Overload Attack,93,3,rolling_time_delta_5,Numeric,0.739223,-0.708739,10.3
Motor Overload Attack,93,4,value,Numeric,0.614927,0.600748,8.57
Motor Overload Attack,93,5,rolling_global_td_std_10,Numeric,0.573325,0.56388,7.99
Motor Overload Attack,93,6,rolling_mean_5,Numeric,0.514008,0.488725,7.16
Motor Overload Attack,93,7,rel_volatility,Numeric,0.384264,0.338861,5.35
Motor Overload Attack,93,8,packet_rate_10,Numeric,0.324933,0.324933,4.53
Motor Overload Attack,93,9,rolling_std_5,Numeric,0.280961,0.230167,3.92
Motor Overload Attack,93,10,rolling_global_td_10,Numeric,0.266943,0.266943,3.72
Valve Stuck Attack,19,1,rolling_time_delta_5,Numeric,1.364891,-1.364891,19.02
Valve Stuck Attack,19,2,plant_duplicate_ratio_19,Numeric,1.071655,0.783204,14.93
Valve Stuck Attack,19,3,device_mean_deviation,Numeric,0.932026,0.932026,12.99
Valve Stuck Attack,19,4,device_id,Categorical,0.549836,0.549836,7.66
Valve Stuck Attack,19,5,z_score,Numeric,0.505705,0.505705,7.05
Valve Stuck Attack,19,6,rolling_std_5,Numeric,0.354357,0.354357,4.94
Valve Stuck Attack,19,7,rolling_time_delta_std_5,Numeric,0.333309,-0.02799,4.64
Valve Stuck Attack,19,8,percentage_change,Numeric,0.263719,0.263719,3.67
Valve Stuck Attack,19,9,rolling_global_td_10,Numeric,0.231977,0.231977,3.23
Valve Stuck Attack,19,10,time_delta,Numeric,0.218148,-0.166392,3.04
Intermittent Attack,365,1,plant_duplicate_ratio_19,Numeric,4.481506,4.466976,52.99
Intermittent Attack,365,2,rolling_time_delta_5,Numeric,0.878796,0.680977,10.39
Intermittent Attack,365,3,time_delta,Numeric,0.706061,0.694488,8.35
Intermittent Attack,365,4,rolling_time_delta_std_5,Numeric,0.397717,0.317566,4.7
Intermittent Attack,365,5,rolling_std_10,Numeric,0.315519,0.290485,3.73
Intermittent Attack,365,6,rolling_global_td_std_10,Numeric,0.233865,0.111186,2.77
Intermittent Attack,365,7,packet_rate_10,Numeric,0.135703,0.091115,1.6
Intermittent Attack,365,8,rolling_std_3,Numeric,0.134372,-0.019845,1.59
Intermittent Attack,365,9,rel_volatility,Numeric,0.127499,0.099274,1.51
Intermittent Attack,365,10,percentage_change,Numeric,0.118131,0.023203,1.4
Slow Drift Attack,384,1,plant_duplicate_ratio_19,Numeric,4.991723,4.965029,54.44
Slow Drift Attack,384,2,time_delta,Numeric,0.684328,0.668848,7.46
Slow Drift Attack,384,3,rolling_time_delta_5,Numeric,0.615473,0.31282,6.71
Slow Drift Attack,384,4,rolling_time_delta_std_5,Numeric,0.540471,0.537978,5.89
Slow Drift Attack,384,5,rolling_std_3,Numeric,0.345311,0.278276,3.77
Slow Drift Attack,384,6,rolling_global_td_std_10,Numeric,0.258401,0.167189,2.82
Slow Drift Attack,384,7,rolling_std_10,Numeric,0.242648,0.240801,2.65
Slow Drift Attack,384,8,percentage_change,Numeric,0.207711,0.189228,2.27
Slow Drift Attack,384,9,rolling_std_5,Numeric,0.168909,0.166432,1.84
Slow Drift Attack,384,10,packet_rate_10,Numeric,0.161455,0.110136,1.76
