attack_type,sample_count,rank,feature,feature_type,mean_abs_shap,mean_signed_shap,percentage_contribution,status,reason
DoS Attack,380,1.0,rolling_time_delta_5,Numeric,3.465857,3.462092,43.47,,
DoS Attack,380,2.0,plant_duplicate_ratio_19,Numeric,2.14612,2.14612,26.92,,
DoS Attack,380,3.0,rolling_time_delta_std_5,Numeric,0.628112,0.354742,7.88,,
DoS Attack,380,4.0,time_delta,Numeric,0.580385,0.516035,7.28,,
DoS Attack,380,5.0,topic,Categorical,0.113225,-0.113225,1.42,,
DoS Attack,380,6.0,device_mean_deviation,Numeric,0.099157,0.01734,1.24,,
DoS Attack,380,7.0,rolling_global_td_std_10,Numeric,0.093822,-0.0262,1.18,,
DoS Attack,380,8.0,rolling_std_3,Numeric,0.09332,0.055487,1.17,,
DoS Attack,380,9.0,rolling_global_td_10,Numeric,0.089671,0.089472,1.12,,
DoS Attack,380,10.0,percentage_change,Numeric,0.079658,0.060061,1.0,,
DoS Attack,380,11.0,z_score,Numeric,0.076505,-0.045286,0.96,,
DoS Attack,380,12.0,global_time_delta,Numeric,0.066701,0.01592,0.84,,
DoS Attack,380,13.0,packet_rate_10,Numeric,0.055905,-0.034027,0.7,,
DoS Attack,380,14.0,rolling_std_10,Numeric,0.051614,0.00523,0.65,,
DoS Attack,380,15.0,rolling_std_5,Numeric,0.048972,-0.004886,0.61,,
DoS Attack,380,16.0,rel_volatility,Numeric,0.044386,0.001473,0.56,,
DoS Attack,380,17.0,rolling_seq_std_5,Numeric,0.037881,-0.000274,0.48,,
DoS Attack,380,18.0,rolling_mean_5,Numeric,0.035387,0.026803,0.44,,
DoS Attack,380,19.0,value,Numeric,0.028392,-0.008923,0.36,,
DoS Attack,380,20.0,device_seq_gap,Numeric,0.027545,0.00368,0.35,,
DoS Attack,380,21.0,value_accel,Numeric,0.023103,0.009267,0.29,,
DoS Attack,380,22.0,device_id,Categorical,0.022962,-0.009576,0.29,,
DoS Attack,380,23.0,rolling_mean_3,Numeric,0.018174,-0.003123,0.23,,
DoS Attack,380,24.0,seq_gap_dev,Numeric,0.012636,-0.002017,0.16,,
DoS Attack,380,25.0,stability_anomaly,Numeric,0.011887,-0.003484,0.15,,
DoS Attack,380,26.0,is_duplicate_value,Numeric,0.008621,-0.002766,0.11,,
DoS Attack,380,27.0,unit,Categorical,0.006381,0.000634,0.08,,
DoS Attack,380,28.0,sensor_code,Categorical,0.002447,-0.000975,0.03,,
DoS Attack,380,29.0,sensor_type,Categorical,0.002049,-3.9e-05,0.03,,
DoS Attack,380,30.0,is_negative_time_delta,Numeric,0.001415,-0.001415,0.02,,
DoS Attack,380,31.0,status,Categorical,0.0,0.0,0.0,,
DoS Attack,380,32.0,source,Categorical,0.0,0.0,0.0,,
Replay Attack,387,1.0,rolling_global_td_std_10,Numeric,4.022852,4.022852,37.84,,
Replay Attack,387,2.0,packet_rate_10,Numeric,1.538283,1.529427,14.47,,
Replay Attack,387,3.0,rolling_time_delta_std_5,Numeric,1.297277,1.297277,12.2,,
Replay Attack,387,4.0,plant_duplicate_ratio_19,Numeric,1.093262,0.91641,10.28,,
Replay Attack,387,5.0,rolling_time_delta_5,Numeric,0.623846,-0.425635,5.87,,
Replay Attack,387,6.0,rolling_seq_std_5,Numeric,0.444365,0.444365,4.18,,
Replay Attack,387,7.0,seq_gap_dev,Numeric,0.329055,0.324825,3.1,,
Replay Attack,387,8.0,rolling_global_td_10,Numeric,0.216507,0.155392,2.04,,
Replay Attack,387,9.0,time_delta,Numeric,0.163247,0.062481,1.54,,
Replay Attack,387,10.0,global_time_delta,Numeric,0.154856,0.154379,1.46,,
Replay Attack,387,11.0,percentage_change,Numeric,0.100759,0.005528,0.95,,
Replay Attack,387,12.0,rolling_std_3,Numeric,0.090896,0.041402,0.85,,
Replay Attack,387,13.0,topic,Categorical,0.083718,-0.082313,0.79,,
Replay Attack,387,14.0,device_mean_deviation,Numeric,0.060337,-0.019403,0.57,,
Replay Attack,387,15.0,stability_anomaly,Numeric,0.052745,-0.020484,0.5,,
Replay Attack,387,16.0,rolling_std_10,Numeric,0.0514,-0.00218,0.48,,
Replay Attack,387,17.0,value,Numeric,0.051145,-0.03794,0.48,,
Replay Attack,387,18.0,z_score,Numeric,0.050557,-0.029503,0.48,,
Replay Attack,387,19.0,rolling_std_5,Numeric,0.037187,-0.017216,0.35,,
Replay Attack,387,20.0,rel_volatility,Numeric,0.031841,-0.005939,0.3,,
Replay Attack,387,21.0,device_seq_gap,Numeric,0.029423,0.008504,0.28,,
Replay Attack,387,22.0,rolling_mean_5,Numeric,0.028761,0.006973,0.27,,
Replay Attack,387,23.0,value_accel,Numeric,0.021245,0.005942,0.2,,
Replay Attack,387,24.0,device_id,Categorical,0.019531,-0.010745,0.18,,
Replay Attack,387,25.0,rolling_mean_3,Numeric,0.014946,-0.011587,0.14,,
Replay Attack,387,26.0,unit,Categorical,0.008636,-0.000551,0.08,,
Replay Attack,387,27.0,is_duplicate_value,Numeric,0.008524,-0.001726,0.08,,
Replay Attack,387,28.0,is_negative_time_delta,Numeric,0.003102,0.002586,0.03,,
Replay Attack,387,29.0,sensor_code,Categorical,0.002418,-0.001177,0.02,,
Replay Attack,387,30.0,sensor_type,Categorical,0.000959,8.3e-05,0.01,,
Replay Attack,387,31.0,status,Categorical,0.0,0.0,0.0,,
Replay Attack,387,32.0,source,Categorical,0.0,0.0,0.0,,
Packet Delay Attack,361,1.0,rolling_time_delta_5,Numeric,3.544593,3.544593,50.37,,
Packet Delay Attack,361,2.0,rolling_time_delta_std_5,Numeric,0.79771,0.704098,11.33,,
Packet Delay Attack,361,3.0,time_delta,Numeric,0.622825,0.500485,8.85,,
Packet Delay Attack,361,4.0,plant_duplicate_ratio_19,Numeric,0.489154,0.015576,6.95,,
Packet Delay Attack,361,5.0,topic,Categorical,0.201778,-0.201778,2.87,,
Packet Delay Attack,361,6.0,rolling_global_td_10,Numeric,0.146364,0.131211,2.08,,
Packet Delay Attack,361,7.0,rolling_global_td_std_10,Numeric,0.139918,-0.076534,1.99,,
Packet Delay Attack,361,8.0,global_time_delta,Numeric,0.134836,0.045203,1.92,,
Packet Delay Attack,361,9.0,device_mean_deviation,Numeric,0.123002,0.066504,1.75,,
Packet Delay Attack,361,10.0,device_seq_gap,Numeric,0.090241,0.022122,1.28,,
Packet Delay Attack,361,11.0,percentage_change,Numeric,0.079906,0.032518,1.14,,
Packet Delay Attack,361,12.0,z_score,Numeric,0.078578,-0.006039,1.12,,
Packet Delay Attack,361,13.0,rolling_std_5,Numeric,0.075417,-0.027559,1.07,,
Packet Delay Attack,361,14.0,rel_volatility,Numeric,0.070141,-0.013384,1.0,,
Packet Delay Attack,361,15.0,rolling_mean_5,Numeric,0.060389,0.044806,0.86,,
Packet Delay Attack,361,16.0,rolling_std_10,Numeric,0.058284,0.016769,0.83,,
Packet Delay Attack,361,17.0,packet_rate_10,Numeric,0.057907,-0.017923,0.82,,
Packet Delay Attack,361,18.0,rolling_std_3,Numeric,0.057097,0.037294,0.81,,
Packet Delay Attack,361,19.0,rolling_seq_std_5,Numeric,0.047324,0.008225,0.67,,
Packet Delay Attack,361,20.0,value,Numeric,0.043009,-0.019887,0.61,,
Packet Delay Attack,361,21.0,device_id,Categorical,0.038072,0.001576,0.54,,
Packet Delay Attack,361,22.0,value_accel,Numeric,0.019628,0.007034,0.28,,
Packet Delay Attack,361,23.0,rolling_mean_3,Numeric,0.016704,-0.002299,0.24,,
Packet Delay Attack,361,24.0,stability_anomaly,Numeric,0.015323,-0.007014,0.22,,
Packet Delay Attack,361,25.0,seq_gap_dev,Numeric,0.012079,-0.001002,0.17,,
Packet Delay Attack,361,26.0,sensor_code,Categorical,0.005402,0.001368,0.08,,
Packet Delay Attack,361,27.0,is_duplicate_value,Numeric,0.004767,-0.001751,0.07,,
Packet Delay Attack,361,28.0,unit,Categorical,0.004612,-0.000571,0.07,,
Packet Delay Attack,361,29.0,sensor_type,Categorical,0.00255,-1.8e-05,0.04,,
Packet Delay Attack,361,30.0,is_negative_time_delta,Numeric,0.000115,-0.000115,0.0,,
Packet Delay Attack,361,31.0,status,Categorical,0.0,0.0,0.0,,
Packet Delay Attack,361,32.0,source,Categorical,0.0,0.0,0.0,,
Packet Drop Attack,355,1.0,rolling_time_delta_5,Numeric,3.613787,3.613787,46.94,,
Packet Drop Attack,355,2.0,rolling_time_delta_std_5,Numeric,1.184936,1.133885,15.39,,
Packet Drop Attack,355,3.0,plant_duplicate_ratio_19,Numeric,0.842523,-0.838496,10.94,,
Packet Drop Attack,355,4.0,time_delta,Numeric,0.682354,0.634167,8.86,,
Packet Drop Attack,355,5.0,topic,Categorical,0.200795,-0.200795,2.61,,
Packet Drop Attack,355,6.0,rolling_global_td_10,Numeric,0.148506,0.120394,1.93,,
Packet Drop Attack,355,7.0,rolling_global_td_std_10,Numeric,0.133966,-0.038032,1.74,,
Packet Drop Attack,355,8.0,global_time_delta,Numeric,0.104977,0.007475,1.36,,
Packet Drop Attack,355,9.0,device_mean_deviation,Numeric,0.103097,0.044281,1.34,,
Packet Drop Attack,355,10.0,packet_rate_10,Numeric,0.083999,-0.030976,1.09,,
Packet Drop Attack,355,11.0,percentage_change,Numeric,0.065899,0.026532,0.86,,
Packet Drop Attack,355,12.0,z_score,Numeric,0.0642,-0.014952,0.83,,
Packet Drop Attack,355,13.0,rolling_std_5,Numeric,0.054053,-0.037237,0.7,,
Packet Drop Attack,355,14.0,rolling_std_3,Numeric,0.052567,0.030385,0.68,,
Packet Drop Attack,355,15.0,rolling_std_10,Numeric,0.050116,-0.006868,0.65,,
Packet Drop Attack,355,16.0,rel_volatility,Numeric,0.045989,-0.014668,0.6,,
Packet Drop Attack,355,17.0,device_seq_gap,Numeric,0.039408,0.00182,0.51,,
Packet Drop Attack,355,18.0,rolling_seq_std_5,Numeric,0.038879,-0.003052,0.51,,
Packet Drop Attack,355,19.0,value,Numeric,0.036794,-0.018371,0.48,,
Packet Drop Attack,355,20.0,rolling_mean_5,Numeric,0.032573,0.018975,0.42,,
Packet Drop Attack,355,21.0,device_id,Categorical,0.030637,-0.011333,0.4,,
Packet Drop Attack,355,22.0,value_accel,Numeric,0.023028,0.007521,0.3,,
Packet Drop Attack,355,23.0,stability_anomaly,Numeric,0.021703,-0.017189,0.28,,
Packet Drop Attack,355,24.0,rolling_mean_3,Numeric,0.014912,-0.003307,0.19,,
Packet Drop Attack,355,25.0,seq_gap_dev,Numeric,0.012451,0.000222,0.16,,
Packet Drop Attack,355,26.0,is_duplicate_value,Numeric,0.00561,-0.00378,0.07,,
Packet Drop Attack,355,27.0,unit,Categorical,0.005118,-0.000555,0.07,,
Packet Drop Attack,355,28.0,sensor_code,Categorical,0.002952,-0.001564,0.04,,
Packet Drop Attack,355,29.0,sensor_type,Categorical,0.002144,-0.00026,0.03,,
Packet Drop Attack,355,30.0,is_negative_time_delta,Numeric,0.000113,-0.000113,0.0,,
Packet Drop Attack,355,31.0,status,Categorical,0.0,0.0,0.0,,
Packet Drop Attack,355,32.0,source,Categorical,0.0,0.0,0.0,,
MQTT Topic Hijacking,388,1.0,topic,Categorical,7.238078,7.236476,66.77,,
MQTT Topic Hijacking,388,2.0,rolling_time_delta_std_5,Numeric,0.825562,0.80204,7.62,,
MQTT Topic Hijacking,388,3.0,plant_duplicate_ratio_19,Numeric,0.804837,-0.804837,7.42,,
MQTT Topic Hijacking,388,4.0,time_delta,Numeric,0.689332,0.684174,6.36,,
MQTT Topic Hijacking,388,5.0,rolling_time_delta_5,Numeric,0.369907,0.119636,3.41,,
MQTT Topic Hijacking,388,6.0,rolling_global_td_std_10,Numeric,0.116625,-0.061953,1.08,,
MQTT Topic Hijacking,388,7.0,rolling_global_td_10,Numeric,0.113412,0.109826,1.05,,
MQTT Topic Hijacking,388,8.0,global_time_delta,Numeric,0.066573,-0.004371,0.61,,
MQTT Topic Hijacking,388,9.0,device_mean_deviation,Numeric,0.062395,0.00243,0.58,,
MQTT Topic Hijacking,388,10.0,z_score,Numeric,0.058663,-0.040722,0.54,,
MQTT Topic Hijacking,388,11.0,rolling_std_5,Numeric,0.051004,-0.037798,0.47,,
MQTT Topic Hijacking,388,12.0,rolling_std_10,Numeric,0.045643,-0.024421,0.42,,
MQTT Topic Hijacking,388,13.0,percentage_change,Numeric,0.036543,-0.015448,0.34,,
MQTT Topic Hijacking,388,14.0,rolling_std_3,Numeric,0.036495,0.011978,0.34,,
MQTT Topic Hijacking,388,15.0,value,Numeric,0.036392,-0.026262,0.34,,
MQTT Topic Hijacking,388,16.0,rolling_seq_std_5,Numeric,0.036227,0.001025,0.33,,
MQTT Topic Hijacking,388,17.0,device_id,Categorical,0.035668,-0.02096,0.33,,
MQTT Topic Hijacking,388,18.0,packet_rate_10,Numeric,0.034373,0.005062,0.32,,
MQTT Topic Hijacking,388,19.0,rel_volatility,Numeric,0.031695,-0.014074,0.29,,
MQTT Topic Hijacking,388,20.0,device_seq_gap,Numeric,0.030566,0.009306,0.28,,
MQTT Topic Hijacking,388,21.0,stability_anomaly,Numeric,0.025764,-0.022602,0.24,,
MQTT Topic Hijacking,388,22.0,rolling_mean_5,Numeric,0.024968,0.011786,0.23,,
MQTT Topic Hijacking,388,23.0,value_accel,Numeric,0.023147,0.002701,0.21,,
MQTT Topic Hijacking,388,24.0,rolling_mean_3,Numeric,0.015611,-0.006048,0.14,,
MQTT Topic Hijacking,388,25.0,seq_gap_dev,Numeric,0.012342,-0.001856,0.11,,
MQTT Topic Hijacking,388,26.0,is_duplicate_value,Numeric,0.006277,-0.003748,0.06,,
MQTT Topic Hijacking,388,27.0,sensor_code,Categorical,0.004204,-0.002503,0.04,,
MQTT Topic Hijacking,388,28.0,unit,Categorical,0.004125,-0.000488,0.04,,
MQTT Topic Hijacking,388,29.0,sensor_type,Categorical,0.003806,-8.7e-05,0.04,,
MQTT Topic Hijacking,388,30.0,is_negative_time_delta,Numeric,0.000113,-0.000113,0.0,,
MQTT Topic Hijacking,388,31.0,status,Categorical,0.0,0.0,0.0,,
MQTT Topic Hijacking,388,32.0,source,Categorical,0.0,0.0,0.0,,
Sensor Spoofing Attack,11,1.0,device_id,Categorical,2.200811,2.200811,24.12,,
Sensor Spoofing Attack,11,2.0,plant_duplicate_ratio_19,Numeric,1.329136,-1.329136,14.57,,
Sensor Spoofing Attack,11,3.0,percentage_change,Numeric,1.050722,1.050722,11.51,,
Sensor Spoofing Attack,11,4.0,value,Numeric,0.958957,0.958957,10.51,,
Sensor Spoofing Attack,11,5.0,rolling_time_delta_std_5,Numeric,0.377717,0.24817,4.14,,
Sensor Spoofing Attack,11,6.0,rolling_std_10,Numeric,0.34769,0.34769,3.81,,
Sensor Spoofing Attack,11,7.0,z_score,Numeric,0.310759,0.310759,3.41,,
Sensor Spoofing Attack,11,8.0,is_duplicate_value,Numeric,0.275793,0.275793,3.02,,
Sensor Spoofing Attack,11,9.0,time_delta,Numeric,0.271864,-0.225833,2.98,,
Sensor Spoofing Attack,11,10.0,rolling_std_3,Numeric,0.260199,0.260199,2.85,,
Sensor Spoofing Attack,11,11.0,global_time_delta,Numeric,0.259842,0.259842,2.85,,
Sensor Spoofing Attack,11,12.0,rolling_std_5,Numeric,0.20646,0.20646,2.26,,
Sensor Spoofing Attack,11,13.0,sensor_code,Categorical,0.199932,0.199932,2.19,,
Sensor Spoofing Attack,11,14.0,rolling_time_delta_5,Numeric,0.164103,-0.096698,1.8,,
Sensor Spoofing Attack,11,15.0,rel_volatility,Numeric,0.148874,0.148874,1.63,,
Sensor Spoofing Attack,11,16.0,topic,Categorical,0.127849,-0.127849,1.4,,
Sensor Spoofing Attack,11,17.0,device_mean_deviation,Numeric,0.124362,0.124362,1.36,,
Sensor Spoofing Attack,11,18.0,stability_anomaly,Numeric,0.092363,0.092363,1.01,,
Sensor Spoofing Attack,11,19.0,rolling_mean_5,Numeric,0.073115,0.073115,0.8,,
Sensor Spoofing Attack,11,20.0,packet_rate_10,Numeric,0.062116,0.026539,0.68,,
Sensor Spoofing Attack,11,21.0,value_accel,Numeric,0.059076,0.059076,0.65,,
Sensor Spoofing Attack,11,22.0,rolling_seq_std_5,Numeric,0.044052,-0.013233,0.48,,
Sensor Spoofing Attack,11,23.0,device_seq_gap,Numeric,0.041981,0.015199,0.46,,
Sensor Spoofing Attack,11,24.0,rolling_global_td_std_10,Numeric,0.03813,-0.038068,0.42,,
Sensor Spoofing Attack,11,25.0,rolling_global_td_10,Numeric,0.033759,0.018492,0.37,,
Sensor Spoofing Attack,11,26.0,seq_gap_dev,Numeric,0.019597,0.005654,0.21,,
Sensor Spoofing Attack,11,27.0,sensor_type,Categorical,0.018931,0.018931,0.21,,
Sensor Spoofing Attack,11,28.0,rolling_mean_3,Numeric,0.015084,0.008139,0.17,,
Sensor Spoofing Attack,11,29.0,unit,Categorical,0.011844,0.011844,0.13,,
Sensor Spoofing Attack,11,30.0,is_negative_time_delta,Numeric,0.000113,-0.000113,0.0,,
Sensor Spoofing Attack,11,31.0,status,Categorical,0.0,0.0,0.0,,
Sensor Spoofing Attack,11,32.0,source,Categorical,0.0,0.0,0.0,,
False Data Injection Attack,392,1.0,plant_duplicate_ratio_19,Numeric,5.431473,5.431473,61.79,,
False Data Injection Attack,392,2.0,time_delta,Numeric,0.883892,0.882415,10.05,,
False Data Injection Attack,392,3.0,rolling_std_3,Numeric,0.319414,0.20968,3.63,,
False Data Injection Attack,392,4.0,rolling_time_delta_std_5,Numeric,0.269716,0.241217,3.07,,
False Data Injection Attack,392,5.0,percentage_change,Numeric,0.249456,0.105265,2.84,,
False Data Injection Attack,392,6.0,rolling_time_delta_5,Numeric,0.245401,0.135061,2.79,,
False Data Injection Attack,392,7.0,value,Numeric,0.128802,0.107902,1.47,,
False Data Injection Attack,392,8.0,z_score,Numeric,0.123367,0.056529,1.4,,
False Data Injection Attack,392,9.0,topic,Categorical,0.111881,-0.111881,1.27,,
False Data Injection Attack,392,10.0,rolling_std_5,Numeric,0.096763,0.095401,1.1,,
False Data Injection Attack,392,11.0,rolling_global_td_std_10,Numeric,0.092891,-0.004247,1.06,,
False Data Injection Attack,392,12.0,value_accel,Numeric,0.082331,0.050921,0.94,,
False Data Injection Attack,392,13.0,device_id,Categorical,0.080738,-0.000965,0.92,,
False Data Injection Attack,392,14.0,rolling_mean_5,Numeric,0.074685,0.064024,0.85,,
False Data Injection Attack,392,15.0,global_time_delta,Numeric,0.070302,0.008398,0.8,,
False Data Injection Attack,392,16.0,rolling_global_td_10,Numeric,0.066372,0.053896,0.76,,
False Data Injection Attack,392,17.0,packet_rate_10,Numeric,0.065137,-0.030658,0.74,,
False Data Injection Attack,392,18.0,rolling_std_10,Numeric,0.064788,0.033455,0.74,,
False Data Injection Attack,392,19.0,rel_volatility,Numeric,0.063353,0.052491,0.72,,
False Data Injection Attack,392,20.0,device_seq_gap,Numeric,0.051705,0.006591,0.59,,
False Data Injection Attack,392,21.0,rolling_seq_std_5,Numeric,0.046133,-0.006377,0.52,,
False Data Injection Attack,392,22.0,device_mean_deviation,Numeric,0.045948,0.033298,0.52,,
False Data Injection Attack,392,23.0,is_duplicate_value,Numeric,0.042158,0.039872,0.48,,
False Data Injection Attack,392,24.0,stability_anomaly,Numeric,0.03527,0.032836,0.4,,
False Data Injection Attack,392,25.0,rolling_mean_3,Numeric,0.017452,-0.003821,0.2,,
False Data Injection Attack,392,26.0,seq_gap_dev,Numeric,0.016155,0.000715,0.18,,
False Data Injection Attack,392,27.0,sensor_code,Categorical,0.00679,0.0008,0.08,,
False Data Injection Attack,392,28.0,unit,Categorical,0.005928,0.000987,0.07,,
False Data Injection Attack,392,29.0,sensor_type,Categorical,0.002351,-0.000271,0.03,,
False Data Injection Attack,392,30.0,is_negative_time_delta,Numeric,0.000114,-0.000114,0.0,,
False Data Injection Attack,392,31.0,status,Categorical,0.0,0.0,0.0,,
False Data Injection Attack,392,32.0,source,Categorical,0.0,0.0,0.0,,
Sensor Drift Attack,399,1.0,plant_duplicate_ratio_19,Numeric,5.22652,5.22652,57.33,,
Sensor Drift Attack,399,2.0,time_delta,Numeric,1.16169,1.154669,12.74,,
Sensor Drift Attack,399,3.0,rolling_std_3,Numeric,0.343313,0.265416,3.77,,
Sensor Drift Attack,399,4.0,rolling_time_delta_5,Numeric,0.320668,0.16465,3.52,,
Sensor Drift Attack,399,5.0,rolling_time_delta_std_5,Numeric,0.314963,0.285465,3.45,,
Sensor Drift Attack,399,6.0,percentage_change,Numeric,0.281627,0.271095,3.09,,
Sensor Drift Attack,399,7.0,value,Numeric,0.115338,0.090677,1.27,,
Sensor Drift Attack,399,8.0,rolling_global_td_std_10,Numeric,0.112917,0.009433,1.24,,
Sensor Drift Attack,399,9.0,rolling_std_5,Numeric,0.112191,0.110553,1.23,,
Sensor Drift Attack,399,10.0,z_score,Numeric,0.111441,0.083057,1.22,,
Sensor Drift Attack,399,11.0,topic,Categorical,0.105762,-0.105762,1.16,,
Sensor Drift Attack,399,12.0,value_accel,Numeric,0.101542,0.069569,1.11,,
Sensor Drift Attack,399,13.0,rolling_std_10,Numeric,0.093119,0.091663,1.02,,
Sensor Drift Attack,399,14.0,rolling_mean_5,Numeric,0.086369,0.077218,0.95,,
Sensor Drift Attack,399,15.0,rolling_global_td_10,Numeric,0.079447,0.066382,0.87,,
Sensor Drift Attack,399,16.0,packet_rate_10,Numeric,0.079231,-0.023715,0.87,,
Sensor Drift Attack,399,17.0,rel_volatility,Numeric,0.071975,0.066958,0.79,,
Sensor Drift Attack,399,18.0,device_id,Categorical,0.070176,-0.002749,0.77,,
Sensor Drift Attack,399,19.0,global_time_delta,Numeric,0.067546,0.003684,0.74,,
Sensor Drift Attack,399,20.0,device_mean_deviation,Numeric,0.060221,0.037185,0.66,,
Sensor Drift Attack,399,21.0,device_seq_gap,Numeric,0.052468,0.004924,0.58,,
Sensor Drift Attack,399,22.0,rolling_seq_std_5,Numeric,0.0449,-0.006076,0.49,,
Sensor Drift Attack,399,23.0,stability_anomaly,Numeric,0.028603,0.028581,0.31,,
Sensor Drift Attack,399,24.0,is_duplicate_value,Numeric,0.023758,0.023758,0.26,,
Sensor Drift Attack,399,25.0,rolling_mean_3,Numeric,0.018255,0.001208,0.2,,
Sensor Drift Attack,399,26.0,seq_gap_dev,Numeric,0.016753,0.000427,0.18,,
Sensor Drift Attack,399,27.0,unit,Categorical,0.007097,0.002895,0.08,,
Sensor Drift Attack,399,28.0,sensor_code,Categorical,0.005935,-0.000442,0.07,,
Sensor Drift Attack,399,29.0,sensor_type,Categorical,0.002207,-7.8e-05,0.02,,
Sensor Drift Attack,399,30.0,is_negative_time_delta,Numeric,0.000113,-0.000113,0.0,,
Sensor Drift Attack,399,31.0,status,Categorical,0.0,0.0,0.0,,
Sensor Drift Attack,399,32.0,source,Categorical,0.0,0.0,0.0,,
Sensor Freeze Attack,402,1.0,plant_duplicate_ratio_19,Numeric,5.757331,5.757331,63.89,,
Sensor Freeze Attack,402,2.0,rolling_time_delta_5,Numeric,1.378079,1.378079,15.29,,
Sensor Freeze Attack,402,3.0,time_delta,Numeric,0.599245,0.480101,6.65,,
Sensor Freeze Attack,402,4.0,rolling_time_delta_std_5,Numeric,0.23719,0.050379,2.63,,
Sensor Freeze Attack,402,5.0,topic,Categorical,0.135364,-0.135364,1.5,,
Sensor Freeze Attack,402,6.0,seq_gap_dev,Numeric,0.098078,0.024116,1.09,,
Sensor Freeze Attack,402,7.0,rolling_global_td_std_10,Numeric,0.094457,-0.034316,1.05,,
Sensor Freeze Attack,402,8.0,global_time_delta,Numeric,0.072154,-0.029443,0.8,,
Sensor Freeze Attack,402,9.0,rolling_global_td_10,Numeric,0.068394,0.047462,0.76,,
Sensor Freeze Attack,402,10.0,z_score,Numeric,0.055064,-0.022802,0.61,,
Sensor Freeze Attack,402,11.0,device_mean_deviation,Numeric,0.050521,-0.004781,0.56,,
Sensor Freeze Attack,402,12.0,rolling_std_5,Numeric,0.048773,-0.041244,0.54,,
Sensor Freeze Attack,402,13.0,packet_rate_10,Numeric,0.048489,-0.034998,0.54,,
Sensor Freeze Attack,402,14.0,device_id,Categorical,0.043586,-0.023549,0.48,,
Sensor Freeze Attack,402,15.0,rel_volatility,Numeric,0.040263,-0.03919,0.45,,
Sensor Freeze Attack,402,16.0,value,Numeric,0.038051,-0.031391,0.42,,
Sensor Freeze Attack,402,17.0,rolling_seq_std_5,Numeric,0.034637,-0.001547,0.38,,
Sensor Freeze Attack,402,18.0,stability_anomaly,Numeric,0.034567,-0.030036,0.38,,
Sensor Freeze Attack,402,19.0,rolling_std_10,Numeric,0.034203,-0.021197,0.38,,
Sensor Freeze Attack,402,20.0,percentage_change,Numeric,0.031128,-0.031126,0.35,,
Sensor Freeze Attack,402,21.0,rolling_mean_5,Numeric,0.024824,0.00681,0.28,,
Sensor Freeze Attack,402,22.0,rolling_std_3,Numeric,0.0215,0.015225,0.24,,
Sensor Freeze Attack,402,23.0,device_seq_gap,Numeric,0.020688,0.000563,0.23,,
Sensor Freeze Attack,402,24.0,rolling_mean_3,Numeric,0.013234,-0.009836,0.15,,
Sensor Freeze Attack,402,25.0,value_accel,Numeric,0.011859,0.011824,0.13,,
Sensor Freeze Attack,402,26.0,is_duplicate_value,Numeric,0.009197,-0.009159,0.1,,
Sensor Freeze Attack,402,27.0,sensor_code,Categorical,0.004651,-0.002876,0.05,,
Sensor Freeze Attack,402,28.0,sensor_type,Categorical,0.002679,-0.000269,0.03,,
Sensor Freeze Attack,402,29.0,unit,Categorical,0.002353,-0.000194,0.03,,
Sensor Freeze Attack,402,30.0,is_negative_time_delta,Numeric,0.000113,-0.000113,0.0,,
Sensor Freeze Attack,402,31.0,status,Categorical,0.0,0.0,0.0,,
Sensor Freeze Attack,402,32.0,source,Categorical,0.0,0.0,0.0,,
Sensor Noise Injection Attack,380,1.0,plant_duplicate_ratio_19,Numeric,5.142749,5.073396,58.04,,
Sensor Noise Injection Attack,380,2.0,time_delta,Numeric,1.206402,1.160152,13.61,,
Sensor Noise Injection Attack,380,3.0,rolling_time_delta_5,Numeric,0.571359,0.459675,6.45,,
Sensor Noise Injection Attack,380,4.0,rolling_time_delta_std_5,Numeric,0.301732,0.274795,3.41,,
Sensor Noise Injection Attack,380,5.0,rolling_std_3,Numeric,0.273375,0.199407,3.09,,
Sensor Noise Injection Attack,380,6.0,percentage_change,Numeric,0.163552,0.050922,1.85,,
Sensor Noise Injection Attack,380,7.0,topic,Categorical,0.112583,-0.112583,1.27,,
Sensor Noise Injection Attack,380,8.0,rolling_global_td_std_10,Numeric,0.104547,0.03404,1.18,,
Sensor Noise Injection Attack,380,9.0,rolling_std_5,Numeric,0.08765,0.082804,0.99,,
Sensor Noise Injection Attack,380,10.0,rolling_std_10,Numeric,0.086494,0.06996,0.98,,
Sensor Noise Injection Attack,380,11.0,packet_rate_10,Numeric,0.083185,-0.04391,0.94,,
Sensor Noise Injection Attack,380,12.0,rolling_global_td_10,Numeric,0.072948,0.058145,0.82,,
Sensor Noise Injection Attack,380,13.0,value_accel,Numeric,0.071535,0.048152,0.81,,
Sensor Noise Injection Attack,380,14.0,global_time_delta,Numeric,0.070859,-0.021666,0.8,,
Sensor Noise Injection Attack,380,15.0,device_mean_deviation,Numeric,0.063658,0.021711,0.72,,
Sensor Noise Injection Attack,380,16.0,rolling_mean_5,Numeric,0.061118,0.043066,0.69,,
Sensor Noise Injection Attack,380,17.0,rel_volatility,Numeric,0.055652,0.04681,0.63,,
Sensor Noise Injection Attack,380,18.0,device_id,Categorical,0.055282,-0.015776,0.62,,
Sensor Noise Injection Attack,380,19.0,value,Numeric,0.052939,0.01086,0.6,,
Sensor Noise Injection Attack,380,20.0,device_seq_gap,Numeric,0.047081,0.005077,0.53,,
Sensor Noise Injection Attack,380,21.0,rolling_seq_std_5,Numeric,0.039785,-0.005427,0.45,,
Sensor Noise Injection Attack,380,22.0,z_score,Numeric,0.037266,0.001016,0.42,,
Sensor Noise Injection Attack,380,23.0,stability_anomaly,Numeric,0.030176,0.022691,0.34,,
Sensor Noise Injection Attack,380,24.0,seq_gap_dev,Numeric,0.019385,0.002783,0.22,,
Sensor Noise Injection Attack,380,25.0,rolling_mean_3,Numeric,0.018256,-0.000431,0.21,,
Sensor Noise Injection Attack,380,26.0,is_duplicate_value,Numeric,0.017412,0.010772,0.2,,
Sensor Noise Injection Attack,380,27.0,unit,Categorical,0.006327,-0.000741,0.07,,
Sensor Noise Injection Attack,380,28.0,sensor_code,Categorical,0.005492,-0.002365,0.06,,
Sensor Noise Injection Attack,380,29.0,sensor_type,Categorical,0.002299,-0.000555,0.03,,
Sensor Noise Injection Attack,380,30.0,is_negative_time_delta,Numeric,0.00012,-0.00012,0.0,,
Sensor Noise Injection Attack,380,31.0,status,Categorical,0.0,0.0,0.0,,
Sensor Noise Injection Attack,380,32.0,source,Categorical,0.0,0.0,0.0,,
PLC Command Injection,0,,N/A,N/A,0.0,0.0,0.0,CONTROL_PLANE_EXCLUDED,Not available for sensor-level SHAP analysis because Phase 3 intentionally assigns zero sensor-level labels to this control-plane attack.
Unauthorized Command,0,,N/A,N/A,0.0,0.0,0.0,CONTROL_PLANE_EXCLUDED,Not available for sensor-level SHAP analysis because Phase 3 intentionally assigns zero sensor-level labels to this control-plane attack.
Setpoint Manipulation,0,,N/A,N/A,0.0,0.0,0.0,CONTROL_PLANE_EXCLUDED,Not available for sensor-level SHAP analysis because Phase 3 intentionally assigns zero sensor-level labels to this control-plane attack.
Motor Overload Attack,93,1.0,percentage_change,Numeric,0.810705,0.775325,11.3,,
Motor Overload Attack,93,2.0,plant_duplicate_ratio_19,Numeric,0.777858,0.568201,10.84,,
Motor Overload Attack,93,3.0,rolling_time_delta_5,Numeric,0.739223,-0.708739,10.3,,
Motor Overload Attack,93,4.0,value,Numeric,0.614927,0.600748,8.57,,
Motor Overload Attack,93,5.0,rolling_global_td_std_10,Numeric,0.573325,0.56388,7.99,,
Motor Overload Attack,93,6.0,rolling_mean_5,Numeric,0.514008,0.488725,7.16,,
Motor Overload Attack,93,7.0,rel_volatility,Numeric,0.384264,0.338861,5.35,,
Motor Overload Attack,93,8.0,packet_rate_10,Numeric,0.324933,0.324933,4.53,,
Motor Overload Attack,93,9.0,rolling_std_5,Numeric,0.280961,0.230167,3.92,,
Motor Overload Attack,93,10.0,rolling_global_td_10,Numeric,0.266943,0.266943,3.72,,
Motor Overload Attack,93,11.0,rolling_std_10,Numeric,0.266258,0.24807,3.71,,
Motor Overload Attack,93,12.0,rolling_time_delta_std_5,Numeric,0.245603,0.095439,3.42,,
Motor Overload Attack,93,13.0,topic,Categorical,0.208128,0.094134,2.9,,
Motor Overload Attack,93,14.0,time_delta,Numeric,0.182254,-0.087893,2.54,,
Motor Overload Attack,93,15.0,rolling_std_3,Numeric,0.161541,0.122375,2.25,,
Motor Overload Attack,93,16.0,z_score,Numeric,0.137685,0.089781,1.92,,
Motor Overload Attack,93,17.0,rolling_mean_3,Numeric,0.110458,0.110371,1.54,,
Motor Overload Attack,93,18.0,stability_anomaly,Numeric,0.10472,0.037456,1.46,,
Motor Overload Attack,93,19.0,device_mean_deviation,Numeric,0.092732,0.074513,1.29,,
Motor Overload Attack,93,20.0,global_time_delta,Numeric,0.087474,0.04128,1.22,,
Motor Overload Attack,93,21.0,device_id,Categorical,0.08555,0.06961,1.19,,
Motor Overload Attack,93,22.0,rolling_seq_std_5,Numeric,0.067527,0.006388,0.94,,
Motor Overload Attack,93,23.0,device_seq_gap,Numeric,0.045308,0.012767,0.63,,
Motor Overload Attack,93,24.0,value_accel,Numeric,0.040071,0.02304,0.56,,
Motor Overload Attack,93,25.0,seq_gap_dev,Numeric,0.027956,0.00316,0.39,,
Motor Overload Attack,93,26.0,sensor_code,Categorical,0.011259,0.006313,0.16,,
Motor Overload Attack,93,27.0,unit,Categorical,0.009431,0.009431,0.13,,
Motor Overload Attack,93,28.0,is_duplicate_value,Numeric,0.003634,0.002689,0.05,,
Motor Overload Attack,93,29.0,sensor_type,Categorical,0.001257,-0.000257,0.02,,
Motor Overload Attack,93,30.0,is_negative_time_delta,Numeric,0.000139,-0.000139,0.0,,
Motor Overload Attack,93,31.0,status,Categorical,0.0,0.0,0.0,,
Motor Overload Attack,93,32.0,source,Categorical,0.0,0.0,0.0,,
Valve Stuck Attack,19,1.0,rolling_time_delta_5,Numeric,1.364891,-1.364891,19.02,,
Valve Stuck Attack,19,2.0,plant_duplicate_ratio_19,Numeric,1.071655,0.783204,14.93,,
Valve Stuck Attack,19,3.0,device_mean_deviation,Numeric,0.932026,0.932026,12.99,,
Valve Stuck Attack,19,4.0,device_id,Categorical,0.549836,0.549836,7.66,,
Valve Stuck Attack,19,5.0,z_score,Numeric,0.505705,0.505705,7.05,,
Valve Stuck Attack,19,6.0,rolling_std_5,Numeric,0.354357,0.354357,4.94,,
Valve Stuck Attack,19,7.0,rolling_time_delta_std_5,Numeric,0.333309,-0.02799,4.64,,
Valve Stuck Attack,19,8.0,percentage_change,Numeric,0.263719,0.263719,3.67,,
Valve Stuck Attack,19,9.0,rolling_global_td_10,Numeric,0.231977,0.231977,3.23,,
Valve Stuck Attack,19,10.0,time_delta,Numeric,0.218148,-0.166392,3.04,,
Valve Stuck Attack,19,11.0,rolling_std_3,Numeric,0.179729,0.153733,2.5,,
Valve Stuck Attack,19,12.0,rolling_global_td_std_10,Numeric,0.159549,0.008226,2.22,,
Valve Stuck Attack,19,13.0,rolling_seq_std_5,Numeric,0.133015,0.0612,1.85,,
Valve Stuck Attack,19,14.0,rel_volatility,Numeric,0.114172,0.114172,1.59,,
Valve Stuck Attack,19,15.0,stability_anomaly,Numeric,0.104474,0.093714,1.46,,
Valve Stuck Attack,19,16.0,rolling_std_10,Numeric,0.101368,-0.003929,1.41,,
Valve Stuck Attack,19,17.0,topic,Categorical,0.074008,-0.050974,1.03,,
Valve Stuck Attack,19,18.0,value,Numeric,0.073056,0.073056,1.02,,
Valve Stuck Attack,19,19.0,sensor_code,Categorical,0.070688,0.070688,0.99,,
Valve Stuck Attack,19,20.0,device_seq_gap,Numeric,0.06873,0.028725,0.96,,
Valve Stuck Attack,19,21.0,global_time_delta,Numeric,0.056967,-0.0176,0.79,,
Valve Stuck Attack,19,22.0,rolling_mean_5,Numeric,0.054163,0.050635,0.75,,
Valve Stuck Attack,19,23.0,packet_rate_10,Numeric,0.05125,-0.048341,0.71,,
Valve Stuck Attack,19,24.0,rolling_mean_3,Numeric,0.032806,0.032277,0.46,,
Valve Stuck Attack,19,25.0,is_duplicate_value,Numeric,0.032732,0.032732,0.46,,
Valve Stuck Attack,19,26.0,value_accel,Numeric,0.017767,0.017767,0.25,,
Valve Stuck Attack,19,27.0,sensor_type,Categorical,0.010852,0.010852,0.15,,
Valve Stuck Attack,19,28.0,seq_gap_dev,Numeric,0.008626,-0.000207,0.12,,
Valve Stuck Attack,19,29.0,unit,Categorical,0.00634,0.00634,0.09,,
Valve Stuck Attack,19,30.0,is_negative_time_delta,Numeric,0.000148,-0.000148,0.0,,
Valve Stuck Attack,19,31.0,status,Categorical,0.0,0.0,0.0,,
Valve Stuck Attack,19,32.0,source,Categorical,0.0,0.0,0.0,,
Intermittent Attack,365,1.0,plant_duplicate_ratio_19,Numeric,4.481506,4.466976,52.99,,
Intermittent Attack,365,2.0,rolling_time_delta_5,Numeric,0.878796,0.680977,10.39,,
Intermittent Attack,365,3.0,time_delta,Numeric,0.706061,0.694488,8.35,,
Intermittent Attack,365,4.0,rolling_time_delta_std_5,Numeric,0.397717,0.317566,4.7,,
Intermittent Attack,365,5.0,rolling_std_10,Numeric,0.315519,0.290485,3.73,,
Intermittent Attack,365,6.0,rolling_global_td_std_10,Numeric,0.233865,0.111186,2.77,,
Intermittent Attack,365,7.0,packet_rate_10,Numeric,0.135703,0.091115,1.6,,
Intermittent Attack,365,8.0,rolling_std_3,Numeric,0.134372,-0.019845,1.59,,
Intermittent Attack,365,9.0,rel_volatility,Numeric,0.127499,0.099274,1.51,,
Intermittent Attack,365,10.0,percentage_change,Numeric,0.118131,0.023203,1.4,,
Intermittent Attack,365,11.0,rolling_mean_5,Numeric,0.111011,0.090756,1.31,,
Intermittent Attack,365,12.0,rolling_global_td_10,Numeric,0.092523,0.050215,1.09,,
Intermittent Attack,365,13.0,rolling_std_5,Numeric,0.089061,0.057176,1.05,,
Intermittent Attack,365,14.0,value,Numeric,0.078086,0.026875,0.92,,
Intermittent Attack,365,15.0,z_score,Numeric,0.077367,0.015824,0.91,,
Intermittent Attack,365,16.0,device_mean_deviation,Numeric,0.074521,0.046205,0.88,,
Intermittent Attack,365,17.0,topic,Categorical,0.072681,-0.070635,0.86,,
Intermittent Attack,365,18.0,device_seq_gap,Numeric,0.065562,0.013596,0.78,,
Intermittent Attack,365,19.0,global_time_delta,Numeric,0.057623,0.013633,0.68,,
Intermittent Attack,365,20.0,rolling_seq_std_5,Numeric,0.052503,0.002777,0.62,,
Intermittent Attack,365,21.0,value_accel,Numeric,0.036187,-0.016265,0.43,,
Intermittent Attack,365,22.0,device_id,Categorical,0.033238,-0.010734,0.39,,
Intermittent Attack,365,23.0,rolling_mean_3,Numeric,0.031313,0.005255,0.37,,
Intermittent Attack,365,24.0,stability_anomaly,Numeric,0.023702,-0.010654,0.28,,
Intermittent Attack,365,25.0,seq_gap_dev,Numeric,0.014997,0.000875,0.18,,
Intermittent Attack,365,26.0,unit,Categorical,0.006257,-0.001126,0.07,,
Intermittent Attack,365,27.0,is_duplicate_value,Numeric,0.00596,-0.000675,0.07,,
Intermittent Attack,365,28.0,sensor_code,Categorical,0.002407,-0.000676,0.03,,
Intermittent Attack,365,29.0,sensor_type,Categorical,0.002199,0.000317,0.03,,
Intermittent Attack,365,30.0,is_negative_time_delta,Numeric,0.000296,-0.000296,0.0,,
Intermittent Attack,365,31.0,status,Categorical,0.0,0.0,0.0,,
Intermittent Attack,365,32.0,source,Categorical,0.0,0.0,0.0,,
Slow Drift Attack,384,1.0,plant_duplicate_ratio_19,Numeric,4.991723,4.965029,54.44,,
Slow Drift Attack,384,2.0,time_delta,Numeric,0.684328,0.668848,7.46,,
Slow Drift Attack,384,3.0,rolling_time_delta_5,Numeric,0.615473,0.31282,6.71,,
Slow Drift Attack,384,4.0,rolling_time_delta_std_5,Numeric,0.540471,0.537978,5.89,,
Slow Drift Attack,384,5.0,rolling_std_3,Numeric,0.345311,0.278276,3.77,,
Slow Drift Attack,384,6.0,rolling_global_td_std_10,Numeric,0.258401,0.167189,2.82,,
Slow Drift Attack,384,7.0,rolling_std_10,Numeric,0.242648,0.240801,2.65,,
Slow Drift Attack,384,8.0,percentage_change,Numeric,0.207711,0.189228,2.27,,
Slow Drift Attack,384,9.0,rolling_std_5,Numeric,0.168909,0.166432,1.84,,
Slow Drift Attack,384,10.0,packet_rate_10,Numeric,0.161455,0.110136,1.76,,
Slow Drift Attack,384,11.0,value,Numeric,0.125724,0.087065,1.37,,
Slow Drift Attack,384,12.0,rolling_mean_5,Numeric,0.103374,0.083741,1.13,,
Slow Drift Attack,384,13.0,device_mean_deviation,Numeric,0.090983,0.04562,0.99,,
Slow Drift Attack,384,14.0,rel_volatility,Numeric,0.089125,0.087489,0.97,,
Slow Drift Attack,384,15.0,rolling_global_td_10,Numeric,0.080297,0.041395,0.88,,
Slow Drift Attack,384,16.0,z_score,Numeric,0.067965,0.028,0.74,,
Slow Drift Attack,384,17.0,topic,Categorical,0.065254,-0.06515,0.71,,
Slow Drift Attack,384,18.0,rolling_seq_std_5,Numeric,0.058477,0.000643,0.64,,
Slow Drift Attack,384,19.0,global_time_delta,Numeric,0.057758,0.00751,0.63,,
Slow Drift Attack,384,20.0,value_accel,Numeric,0.046145,0.029042,0.5,,
Slow Drift Attack,384,21.0,device_seq_gap,Numeric,0.046002,0.014628,0.5,,
Slow Drift Attack,384,22.0,device_id,Categorical,0.034721,-0.009407,0.38,,
Slow Drift Attack,384,23.0,rolling_mean_3,Numeric,0.027471,0.010437,0.3,,
Slow Drift Attack,384,24.0,stability_anomaly,Numeric,0.022073,0.003916,0.24,,
Slow Drift Attack,384,25.0,seq_gap_dev,Numeric,0.018348,0.005074,0.2,,
Slow Drift Attack,384,26.0,is_duplicate_value,Numeric,0.007236,0.004223,0.08,,
Slow Drift Attack,384,27.0,unit,Categorical,0.005368,0.000403,0.06,,
Slow Drift Attack,384,28.0,sensor_code,Categorical,0.003886,-0.002113,0.04,,
Slow Drift Attack,384,29.0,sensor_type,Categorical,0.002306,-0.000245,0.03,,
Slow Drift Attack,384,30.0,is_negative_time_delta,Numeric,0.000152,-0.000152,0.0,,
Slow Drift Attack,384,31.0,status,Categorical,0.0,0.0,0.0,,
Slow Drift Attack,384,32.0,source,Categorical,0.0,0.0,0.0,,
