feature,feature_type,top5_count,top10_count,top5_frequency_pct,top10_frequency_pct,average_mean_abs_shap,overall_rank
plant_duplicate_ratio_19,Numeric,14,14,100.0,100.0,2.82756,1
rolling_time_delta_5,Numeric,12,13,85.7,92.9,1.278285,2
rolling_time_delta_std_5,Numeric,12,13,85.7,92.9,0.553715,3
time_delta,Numeric,10,13,71.4,92.9,0.618002,4
topic,Categorical,5,7,35.7,50.0,0.632222,5
rolling_std_3,Numeric,4,7,28.6,50.0,0.169224,6
percentage_change,Numeric,3,9,21.4,64.3,0.252823,7
rolling_global_td_std_10,Numeric,2,11,14.3,78.6,0.44109,8
value,Numeric,2,4,14.3,28.6,0.170115,9
device_id,Categorical,2,2,14.3,14.3,0.235772,10
z_score,Numeric,1,6,7.1,42.9,0.125366,11
packet_rate_10,Numeric,1,5,7.1,35.7,0.198712,12
device_mean_deviation,Numeric,1,5,7.1,35.7,0.14164,13
rolling_std_10,Numeric,1,4,7.1,28.6,0.129225,14
rolling_global_td_10,Numeric,0,8,0.0,57.1,0.121937,15
rolling_std_5,Numeric,0,6,0.0,42.9,0.122268,16
global_time_delta,Numeric,0,5,0.0,35.7,0.094891,17
rel_volatility,Numeric,0,2,0.0,14.3,0.094231,18
seq_gap_dev,Numeric,0,2,0.0,14.3,0.044175,19
rolling_mean_5,Numeric,0,1,0.0,7.1,0.091767,20
rolling_seq_std_5,Numeric,0,1,0.0,7.1,0.080408,21
device_seq_gap,Numeric,0,1,0.0,7.1,0.046908,22
is_duplicate_value,Numeric,0,1,0.0,7.1,0.032263,23
stability_anomaly,Numeric,0,0,0.0,0.0,0.043098,24
value_accel,Numeric,0,0,0.0,0.0,0.04119,25
rolling_mean_3,Numeric,0,0,0.0,0.0,0.026048,26
sensor_code,Categorical,0,0,0.0,0.0,0.023462,27
unit,Categorical,0,0,0.0,0.0,0.006415,28
sensor_type,Categorical,0,0,0.0,0.0,0.004042,29
is_negative_time_delta,Numeric,0,0,0.0,0.0,0.00044,30
status,Categorical,0,0,0.0,0.0,0.0,31
source,Categorical,0,0,0.0,0.0,0.0,32
