original_feature,feature_type,mean_abs_shap_overall,mean_abs_shap_normal,mean_abs_shap_attack,difference_att_minus_norm
plant_duplicate_ratio_19,Numeric,2.9549678098733563,2.705884617514148,3.2830581594011825,0.5771735418870345
rolling_time_delta_5,Numeric,1.97891586368564,2.441131290948245,1.3700894725855686,-1.0710418183626764
rolling_time_delta_std_5,Numeric,0.6484577234744697,0.6839242820372836,0.601741461790133,-0.08218282024715062
time_delta,Numeric,0.611239803168198,0.5348885782716858,0.7118090139042204,0.17692043563253457
topic,Categorical,0.45327563131488696,0.2195739999504411,0.761105514147805,0.5415315141973639
rolling_global_td_std_10,Numeric,0.34792768263189294,0.23628623515681124,0.4949808867319484,0.25869465157513716
packet_rate_10,Numeric,0.1598657051988371,0.11724545674218032,0.21600474886799695,0.09875929212581663
percentage_change,Numeric,0.1164617360359412,0.09312027076445807,0.14720692372555697,0.054086652961098894
rel_volatility,Numeric,0.10453397580762465,0.132123122360612,0.0681937769768246,-0.06392934538378739
rolling_std_5,Numeric,0.10441668367585485,0.11907761601624493,0.08510542316725486,-0.03397219284899007
rolling_global_td_10,Numeric,0.10099179515626418,0.09418703575438157,0.10995496874284957,0.015767932988468
rolling_std_10,Numeric,0.0999178979810039,0.09766229796056705,0.10288895593192683,0.00522665797135978
rolling_std_3,Numeric,0.09696763601574374,0.047148336827271035,0.16258921059555542,0.11544087376828438
value,Numeric,0.0955897274891933,0.10639843733137107,0.08135258303766858,-0.025045854293702485
global_time_delta,Numeric,0.08530497864836552,0.08625468851836111,0.08405402855315583,-0.0022006599652052844
z_score,Numeric,0.08294329970351717,0.08754081810046609,0.07688748596703558,-0.010653332133430504
device_mean_deviation,Numeric,0.07290754619875532,0.06799093197521346,0.07938367035557542,0.011392738380361964
device_id,Categorical,0.06418986560344926,0.07404827416776995,0.05120445024474603,-0.02284382392302392
rolling_seq_std_5,Numeric,0.06237033163205654,0.048638006600365546,0.08045843816708047,0.03182043156671492
rolling_mean_5,Numeric,0.057126378026756616,0.04870703990668969,0.06821626153291521,0.019509221626225523
stability_anomaly,Numeric,0.04989755055605657,0.0651530632892332,0.029803113603297245,-0.03534994968593596
device_seq_gap,Numeric,0.035587308946228254,0.02825718451946453,0.045242489058867685,0.016985304539403154
seq_gap_dev,Numeric,0.03155445447997437,0.016631733360176593,0.05121054103373951,0.03457880767356292
value_accel,Numeric,0.025811885022561806,0.01346013758833124,0.042081506005787195,0.028621368417455953
rolling_mean_3,Numeric,0.024493597271957827,0.02734701553430122,0.020735098008421635,-0.006611917525879585
is_duplicate_value,Numeric,0.012277661370100184,0.011398225750673114,0.013436046795596684,0.0020378210449235705
sensor_code,Categorical,0.0072870325818570805,0.008871755556932634,0.00519964840361229,-0.0036721071533203442
unit,Categorical,0.005984874595271296,0.006161338432977961,0.0057524378674301485,-0.0004089005655478128
sensor_type,Categorical,0.0030146761138613175,0.0034951086750228642,0.0023818542625630335,-0.0011132544124598308
is_negative_time_delta,Numeric,0.0004239773597520106,0.00035400513274480057,0.0005161442064934353,0.0001621390737486347
status,Categorical,0.0,0.0,0.0,0.0
source,Categorical,0.0,0.0,0.0,0.0
