rank,original_feature,feature_type,mean_abs_shap
1,plant_duplicate_ratio_19,Numeric,2.9549678098733563
2,rolling_time_delta_5,Numeric,1.97891586368564
3,rolling_time_delta_std_5,Numeric,0.6484577234744697
4,time_delta,Numeric,0.611239803168198
5,topic,Categorical,0.45327563131488696
6,rolling_global_td_std_10,Numeric,0.34792768263189294
7,packet_rate_10,Numeric,0.1598657051988371
8,percentage_change,Numeric,0.1164617360359412
9,rel_volatility,Numeric,0.10453397580762465
10,rolling_std_5,Numeric,0.10441668367585485
11,rolling_global_td_10,Numeric,0.10099179515626418
12,rolling_std_10,Numeric,0.0999178979810039
13,rolling_std_3,Numeric,0.09696763601574374
14,value,Numeric,0.0955897274891933
15,global_time_delta,Numeric,0.08530497864836552
16,z_score,Numeric,0.08294329970351717
17,device_mean_deviation,Numeric,0.07290754619875532
18,device_id,Categorical,0.06418986560344926
19,rolling_seq_std_5,Numeric,0.06237033163205654
20,rolling_mean_5,Numeric,0.057126378026756616
21,stability_anomaly,Numeric,0.04989755055605657
22,device_seq_gap,Numeric,0.035587308946228254
23,seq_gap_dev,Numeric,0.03155445447997437
24,value_accel,Numeric,0.025811885022561806
25,rolling_mean_3,Numeric,0.024493597271957827
26,is_duplicate_value,Numeric,0.012277661370100184
27,sensor_code,Categorical,0.0072870325818570805
28,unit,Categorical,0.005984874595271296
29,sensor_type,Categorical,0.0030146761138613175
30,is_negative_time_delta,Numeric,0.0004239773597520106
31,status,Categorical,0.0
32,source,Categorical,0.0
