rank,feature,mean_abs_shap
1,plant_duplicate_ratio_19,2.9549694
2,rolling_time_delta_5,1.9789153
3,rolling_time_delta_std_5,0.6484564
4,time_delta,0.6112407
5,topic_attacker/hijacked,0.4335291
6,rolling_global_td_std_10,0.3479284
7,packet_rate_10,0.15986575
8,percentage_change,0.116461754
9,rel_volatility,0.10453394
10,rolling_std_5,0.10441666
11,rolling_global_td_10,0.10099192
12,rolling_std_10,0.099918015
13,rolling_std_3,0.0969676
14,value,0.09558987
15,global_time_delta,0.08530491
16,z_score,0.08294338
17,device_mean_deviation,0.07290754
18,rolling_seq_std_5,0.062370557
19,rolling_mean_5,0.05712641
20,stability_anomaly,0.049897492
21,device_id_mtr_001_temperature_sensor,0.03618363
22,device_seq_gap,0.03558732
23,seq_gap_dev,0.031554427
24,value_accel,0.025811914
25,rolling_mean_3,0.02449359
26,topic_factory/line1/vibration,0.02305463
27,device_id_vlv_001_pressure_sensor,0.0223039
28,is_duplicate_value,0.012277646
29,device_id_mtr_001_vibration_sensor,0.007051289
30,topic_factory/line1/voltage,0.006811763
31,unit_%,0.005843235
32,topic_factory/line1/humidity,0.0050951918
33,device_id_cmp_001_temperature_sensor,0.0047792546
34,topic_factory/line1/temperature,0.004575616
35,device_id_cmp_001_current_sensor,0.0038878908
36,sensor_code_MTR-001-TMP,0.0034734479
37,sensor_code_VLV-001-PRS,0.0032109693
38,device_id_mtr_001_voltage_sensor,0.0026406548
39,topic_factory/line1/proximity,0.002484618
40,device_id_mtr_001_rpm_sensor,0.0024549884
41,device_id_tnk_001_pressure_sensor,0.0022127812
42,device_id_tnk_001_temperature_sensor,0.0020764621
43,topic_factory/line1/pressure,0.0018870111
44,sensor_type_temperature,0.0016127906
45,sensor_type_pressure,0.0013203683
46,device_id_cnv_001_rpm_sensor,0.0013163091
47,sensor_type_current,0.0012932126
48,topic_factory/line1/current,0.0010060506
49,topic_factory/line1/flow,0.0007817623
50,sensor_code_CMP-001-TMP,0.0007538221
51,sensor_code_TNK-001-PRS,0.00075113773
52,sensor_code_MTR-001-VIB,0.0007088943
53,device_id_pmp_001_current_sensor,0.0006479578
54,device_id_mtr_001_current_sensor,0.0006465
55,unit_A,0.000606708
56,device_id_cnv_001_current_sensor,0.00058671774
57,topic_factory/line1/level,0.0005826775
58,sensor_code_MTR-001-RPM,0.0005272489
59,is_negative_time_delta,0.00042399572
60,topic_factory/line1/rpm,0.0003784758
61,sensor_code_MTR-001-VLT,0.0003739578
62,device_id_tnk_001_humidity_sensor,0.0003725869
63,device_id_cmp_001_pressure_sensor,0.00034811083
64,device_id_pmp_001_pressure_sensor,0.00033272302
65,unit_Â°C,0.00029591424
66,sensor_code_CNV-001-RPM,0.00026469267
67,device_id_pmp_001_flow_sensor,0.00016069983
68,device_id_tnk_001_level_sensor,0.00015851193
69,unit_kPa,4.8640217e-05
70,sensor_code_PMP-001-PRS,0.0
71,sensor_type_vibration,0.0
72,status_RUNNING,0.0
73,sensor_code_CMP-001-CUR,0.0
74,unit_mm,0.0
75,unit_g,0.0
76,unit_V,0.0
77,unit_RPM,0.0
78,unit_L/min,0.0
79,sensor_code_CMP-001-PRS,0.0
80,sensor_code_CNV-001-CUR,0.0
81,sensor_type_voltage,0.0
82,sensor_code_CNV-001-PRX,0.0
83,sensor_code_TNK-001-HUM,0.0
84,sensor_type_rpm,0.0
85,sensor_type_proximity,0.0
86,sensor_code_MTR-001-CUR,0.0
87,sensor_type_level,0.0
88,sensor_type_humidity,0.0
89,sensor_type_flow,0.0
90,sensor_code_PMP-001-CUR,0.0
91,sensor_code_PMP-001-FLW,0.0
92,sensor_code_TNK-001-TMP,0.0
93,device_id_cnv_001_proximity_sensor,0.0
94,sensor_code_TNK-001-LVL,0.0
95,source_simulator,0.0
