experiment,feature_count,val_accuracy,val_f1,threshold,test_accuracy,test_precision,test_recall,test_f1,test_roc_auc,test_fpr,test_fnr,tp,fp,tn,fn
1. Current Phase 4 Baseline (Pre-optimization),20,88.75,87.09,0.4,89.38,87.16,88.41,87.78,0.9664,9.89,11.59,3815,562,5123,500
2. Full Phase 4.1 Optimized Pipeline (All Features),40,99.69,99.64,0.35,99.65,99.35,99.84,99.6,0.99992,0.49,0.16,4308,28,5657,7
3. Ablation: Without New Timing Features,36,97.14,96.67,0.55,97.17,97.1,96.32,96.71,0.99715,2.18,3.68,4156,124,5561,159
4. Ablation: Without All Communication Features,30,96.5,95.95,0.5,96.4,95.7,95.97,95.83,0.99573,3.27,4.03,4141,186,5499,174
5. Ablation: Without Multi-Window Features,32,98.74,98.54,0.45,98.82,98.54,98.73,98.63,0.99928,1.11,1.27,4260,63,5622,55
6. Ablation: Without Physical Dynamics Features,35,99.69,99.64,0.35,99.6,99.29,99.79,99.54,0.99993,0.55,0.21,4306,31,5654,9
7. Ablation: Without Sensor-Aware Baseline Features,36,99.71,99.66,0.35,99.66,99.38,99.84,99.61,0.99993,0.47,0.16,4308,27,5658,7
8. Ablation: Without Plant-Wide Features,36,98.64,98.42,0.5,98.8,98.59,98.63,98.61,0.99931,1.07,1.37,4256,61,5624,59
9. Ablation: Without Physical Identity (Pure Behavioral),37,99.7,99.65,0.4,99.71,99.49,99.84,99.66,0.99993,0.39,0.16,4308,22,5663,7
10. Ablation: Without Redundant Features (Clean Causal),36,99.69,99.64,0.35,99.65,99.35,99.84,99.6,0.99992,0.49,0.16,4308,28,5657,7
