Threshold,Accuracy,Precision,Recall,F1,ROC_AUC,PR_AUC,FPR,FNR,TN,FP,FN,TP
0.1,0.6514,0.7911607576493443,0.5537049626104691,0.6514697060587883,0.6566384007230162,0.7597801656490967,0.20894071914480078,0.4462950373895309,3256,860,2626,3258
0.15,0.6402,0.8472053462940462,0.4739972807613868,0.6078901482127289,0.6566384007230162,0.7597801656490967,0.12220602526724976,0.5260027192386132,3613,503,3095,2789
0.2,0.6162,0.8537344398340249,0.41961250849762066,0.5626709206927986,0.6566384007230162,0.7597801656490967,0.10276967930029154,0.5803874915023793,3693,423,3415,2469
0.25,0.5991,0.8692398582118944,0.37508497620666215,0.5240413154458031,0.6566384007230162,0.7597801656490967,0.08066083576287658,0.6249150237933379,3784,332,3677,2207
0.3,0.5762,0.8664292074799644,0.33072739632902787,0.4787207872078721,0.6566384007230162,0.7597801656490967,0.0728862973760933,0.6692726036709721,3816,300,3938,1946
0.35,0.5552,0.8561507936507936,0.29333786539768864,0.43696202531645567,0.6566384007230162,0.7597801656490967,0.07045675413022352,0.7066621346023113,3826,290,4158,1726
0.4,0.5328,0.8486766398158804,0.25067980965329706,0.38703752295985305,0.6566384007230162,0.7597801656490967,0.06389698736637513,0.7493201903467029,3853,263,4409,1475
0.45,0.5122,0.8478561549100968,0.20836165873555404,0.3345156889495225,0.6566384007230162,0.7597801656490967,0.05344995140913508,0.791638341264446,3896,220,4658,1226
0.5,0.4865,0.8413855970829535,0.15686607749830048,0.2644320297951583,0.6566384007230162,0.7597801656490967,0.04227405247813411,0.8431339225016995,3942,174,4961,923
0.55,0.4662,0.8362068965517241,0.1153976886471788,0.20280764635603346,0.6566384007230162,0.7597801656490967,0.03231292517006803,0.8846023113528212,3983,133,5205,679
0.6,0.4517,0.851138353765324,0.08259687287559483,0.15058094500387298,0.6566384007230162,0.7597801656490967,0.0206511175898931,0.9174031271244052,4031,85,5398,486
0.65,0.4432,0.8779904306220095,0.0623725356900068,0.11647096159949223,0.6566384007230162,0.7597801656490967,0.01239067055393586,0.9376274643099932,4065,51,5517,367
0.7,0.4359,0.948339483394834,0.043677770224337185,0.0835093419983753,0.6566384007230162,0.7597801656490967,0.003401360544217687,0.9563222297756628,4102,14,5627,257
0.75,0.4282,0.9940476190476191,0.028382053025152957,0.055188367481824194,0.6566384007230162,0.7597801656490967,0.00024295432458697764,0.971617946974847,4115,1,5717,167
0.8,0.4206,1.0,0.015295717199184228,0.03013056578506863,0.6566384007230162,0.7597801656490967,0.0,0.9847042828008158,4116,0,5794,90
0.85,0.4139,1.0,0.003908905506458192,0.007787370915862536,0.6566384007230162,0.7597801656490967,0.0,0.9960910944935418,4116,0,5861,23
0.9,0.4117,1.0,0.0001699524133242692,0.0003398470688190314,0.6566384007230162,0.7597801656490967,0.0,0.9998300475866757,4116,0,5883,1
