Feature,Importance
plant_duplicate_ratio_19,0.17718911136690974
rolling_time_delta_5,0.16000528753982038
time_delta,0.11001558886860742
rolling_time_delta_std_5,0.07534501415128335
rolling_global_td_std_10,0.04800139175364755
topic_attacker/hijacked,0.04549942196796256
packet_rate_10,0.044622981766373505
rolling_global_td_10,0.03550342947594472
z_score,0.019998547219304587
rel_volatility,0.019734437737335426
rolling_seq_std_5,0.01760280923876069
device_mean_deviation,0.016251406248807387
rolling_range_5,0.01603270597788882
rolling_std_5,0.015591972587193128
rolling_std_3,0.015421874768155604
rolling_std_10,0.01453143948458083
stability_anomaly,0.013109615797676383
global_time_delta,0.012293278149191351
abs_value_change,0.011949507540690098
rolling_mean_10,0.011907671962306035
rolling_mean_5,0.01179987639569162
rolling_mean_3,0.011560522323822663
percentage_change,0.010821347484585764
value,0.010812387437415503
seq_gap_dev,0.01073422771906388
value_change,0.00825118287179824
device_seq_gap,0.006363136411717829
value_accel,0.0057610037046827425
is_duplicate_value,0.004314002352255953
is_negative_time_delta,0.00307778565066174
topic_factory/line1/pressure,0.0019361771301757297
topic_factory/line1/temperature,0.0015246509788794105
topic_factory/line1/voltage,0.0014704735189950543
topic_factory/line1/current,0.001277426645721716
topic_factory/line1/humidity,0.0012345128110585126
sensor_code_VLV-001-PRS,0.0010289355712266256
device_id_vlv_001_pressure_sensor,0.0009687471746631123
topic_factory/line1/proximity,0.000963949649338824
sensor_type_pressure,0.0009599741896061446
sensor_type_temperature,0.0009435970807316375
sensor_code_MTR-001-VIB,0.0009383101914845017
unit_kPa,0.000882368700003034
unit_g,0.000872521599110219
sensor_code_MTR-001-VLT,0.0008650641243788954
unit_V,0.0008098146768038911
topic_factory/line1/vibration,0.000809670109546937
topic_factory/line1/rpm,0.0007568707514475564
sensor_type_voltage,0.0007346494454813115
unit_Â°C,0.0007269392609423117
device_id_mtr_001_voltage_sensor,0.0007266705131737276
device_id_mtr_001_vibration_sensor,0.0007183295177814183
sensor_type_humidity,0.0006904387155860571
device_id_tnk_001_humidity_sensor,0.0006879196628402696
sensor_type_vibration,0.0006661746426110015
unit_A,0.0006061522543168895
sensor_code_TNK-001-HUM,0.0005953117827854045
sensor_type_current,0.0005867261272574963
sensor_code_CNV-001-PRX,0.0005240643718347914
device_id_mtr_001_temperature_sensor,0.0005206629319218807
sensor_code_MTR-001-TMP,0.0004938109458396314
unit_RPM,0.00044863018527912054
device_id_cnv_001_proximity_sensor,0.0004186448244639471
device_id_cmp_001_temperature_sensor,0.0004162966166149927
sensor_code_MTR-001-RPM,0.00040781866216876286
device_id_pmp_001_pressure_sensor,0.00040220070265086546
sensor_type_proximity,0.000380091485755846
topic_factory/line1/flow,0.0003780232384081131
sensor_code_CMP-001-TMP,0.00037519440190367405
device_id_mtr_001_rpm_sensor,0.0003676223367143829
sensor_type_rpm,0.0003438172751885869
sensor_type_flow,0.0003338390083432724
device_id_pmp_001_flow_sensor,0.0003243991201788189
unit_mm,0.0003203901948294901
sensor_code_PMP-001-PRS,0.00030949334254087727
device_id_tnk_001_temperature_sensor,0.00026849552026373996
topic_factory/line1/level,0.00026625854232748333
unit_%,0.00025839593449067573
sensor_code_MTR-001-CUR,0.00024433002365949403
device_id_cmp_001_pressure_sensor,0.0002437758482338444
sensor_code_TNK-001-LVL,0.0002278200253447156
device_id_mtr_001_current_sensor,0.00021759527947724864
sensor_code_TNK-001-TMP,0.00021306573871196404
sensor_type_level,0.0001954930654491313
sensor_code_CNV-001-RPM,0.00019121011559808474
sensor_code_PMP-001-FLW,0.00018571826255796596
unit_L/min,0.00018511071816525098
sensor_code_CMP-001-PRS,0.00015991301810474473
device_id_cnv_001_rpm_sensor,0.00015694259504393953
device_id_tnk_001_level_sensor,0.00014545359344763156
sensor_code_CMP-001-CUR,0.00014424348335533203
device_id_cnv_001_current_sensor,0.00013963057667517575
sensor_code_PMP-001-CUR,0.0001343487073270991
sensor_code_CNV-001-CUR,0.00013367354263996224
device_id_cmp_001_current_sensor,0.00012450030487789787
sensor_code_TNK-001-PRS,0.00011774938417497376
device_id_tnk_001_pressure_sensor,0.00011548397457302798
device_id_pmp_001_current_sensor,8.044932078044427e-05
status_RUNNING,0.0
source_simulator,0.0
