experiment,model,split_protocol,ablation,feature_count,best_threshold,accuracy,precision,recall,f1_score,roc_auc,pr_auc,fpr,fnr,tp,fp,tn,fn,training_time,prediction_time,model_size_mb
Exp 1: Baseline Features (Stratified),decision_tree,80/10/10 stratified,baseline_features,18,0.5,0.8787,0.8627221702525725,0.8549246813441483,0.8588057269235246,0.9534929491628373,0.9442946035714536,0.10325417766051011,0.1450753186558517,3689,587,5098,626,0.35729070799425244,0.006907417089678347,0.035
Exp 1: Baseline Features (Stratified),xgboost,80/10/10 stratified,baseline_features,18,0.4,0.8786,0.8521462639109698,0.8695249130938586,0.8607478779536591,0.9585468661304015,0.9536207525231292,0.11451187335092348,0.13047508690614137,3752,651,5034,563,1.975518458057195,0.017817582935094833,2.397
Exp 1: Baseline Features (Stratified),random_forest,80/10/10 stratified,baseline_features,18,0.5,0.8671,0.8693715982187036,0.8143684820393975,0.8409716405408639,0.9467268767497155,0.9420247055671633,0.09287598944591029,0.18563151796060254,3514,528,5157,801,2.1443645419785753,0.041095583932474256,48.853
Exp 1: Baseline Features (Stratified),logistic_regression,80/10/10 stratified,baseline_features,18,0.35,0.6383,0.5568033854166666,0.7928157589803013,0.6541734391433215,0.7598049592807402,0.7646919259851844,0.4789797713280563,0.20718424101969873,3421,2723,2962,894,0.16421083395835012,0.006006708019413054,0.01
Exp 2: Ablation (No Communication),decision_tree,80/10/10 stratified,no_communication,30,0.6,0.9643,0.9553612517257248,0.9622247972190034,0.9587807412538968,0.990681439946353,0.9855477136188945,0.03412489006156552,0.037775202780996525,4152,194,5491,163,0.55497374990955,0.007146417046897113,0.095
Exp 2: Ablation (No Communication),xgboost,80/10/10 stratified,no_communication,30,0.5,0.964,0.957014097527155,0.959675550405562,0.9583429761629253,0.9957347046719885,0.9945455680253472,0.03271767810026385,0.040324449594438004,4141,186,5499,174,2.353785084094852,0.02063624991569668,4.111
Exp 2: Ablation (No Communication),random_forest,80/10/10 stratified,no_communication,30,0.5,0.9555,0.9317269076305221,0.9677867902665122,0.9494145731499375,0.9928608859687474,0.99064526563723,0.05382585751978892,0.03221320973348783,4176,306,5379,139,2.624663042020984,0.040582333924248815,66.036
Exp 2: Ablation (No Communication),logistic_regression,80/10/10 stratified,no_communication,30,0.45,0.7999,0.7971237801746276,0.719351100811124,0.7562431477646485,0.8419476759295211,0.8520267399089826,0.13896218117854,0.28064889918887603,3104,790,4895,1211,0.3121532080695033,0.0066904580453410745,0.007
Exp 3: Ablation (No Multi-Window),xgboost,80/10/10 stratified,no_multiwindow,32,0.45,0.9882,0.9854267869535045,0.9872537659327926,0.9863394304237092,0.999279109608237,0.999064455969351,0.01108179419525066,0.012746234067207415,4260,63,5622,55,2.439454459003173,0.018836791976355016,3.53
Exp 3: Ablation (No Multi-Window),random_forest,80/10/10 stratified,no_multiwindow,32,0.5,0.9446,0.9255487666892962,0.947856315179606,0.9365697275017174,0.9895744019502033,0.986884916244853,0.05787159190853122,0.05214368482039398,4090,329,5356,225,3.251082625007257,0.041436915984377265,48.741
Exp 3: Ablation (No Multi-Window),decision_tree,80/10/10 stratified,no_multiwindow,32,0.5,0.9401,0.9079929732103645,0.9582850521436849,0.9324613823429925,0.9881977638293123,0.9837046545362723,0.07370272647317502,0.04171494785631518,4135,419,5266,180,0.6900042499182746,0.007194790989160538,0.071
Exp 3: Ablation (No Multi-Window),logistic_regression,80/10/10 stratified,no_multiwindow,32,0.4,0.7791,0.7130716309186564,0.816685979142526,0.7613697742249109,0.858651061778521,0.8455300408112834,0.2494283201407212,0.18331402085747392,3524,1418,4267,791,0.36248383403290063,0.0069463340332731605,0.009
Exp 4: Ablation (No Identity),xgboost,80/10/10 stratified,no_identity,37,0.4,0.9971,0.994919168591224,0.99837775202781,0.9966454598033545,0.9999257259503623,0.9999016119370725,0.0038698328935795954,0.0016222479721900347,4308,22,5663,7,2.194216459058225,0.017258374951779842,3.851
Exp 4: Ablation (No Identity),random_forest,80/10/10 stratified,no_identity,37,0.55,0.9839,0.9776908923643054,0.9851680185399768,0.9814152141290546,0.9989101037370406,0.9986066265194874,0.01706244503078276,0.014831981460023175,4251,97,5588,64,3.9294572919607162,0.028071167063899338,76.526
Exp 4: Ablation (No Identity),decision_tree,80/10/10 stratified,no_identity,37,0.45,0.9794,0.9743708150542599,0.9779837775202781,0.9761739532731899,0.9955830380409914,0.9931592321338015,0.019525065963060684,0.0220162224797219,4220,111,5574,95,0.7224225000245497,0.005275249946862459,0.063
Exp 4: Ablation (No Identity),logistic_regression,80/10/10 stratified,no_identity,37,0.45,0.7849,0.7488500459981601,0.754577056778679,0.7517026434260649,0.8484463291518511,0.8377341191719985,0.1920844327176781,0.24542294322132097,3256,1092,4593,1059,0.44159904203843325,0.00526345893740654,0.009
Exp 5: Optimized Full Pipeline,xgboost,80/10/10 stratified,none,40,0.35,0.9965,0.9935424354243543,0.99837775202781,0.995954224945093,0.9999206303102939,0.9998944139687723,0.004925241864555849,0.0016222479721900347,4308,28,5657,7,2.633299458073452,0.019659250043332577,3.057
Exp 5: Optimized Full Pipeline,decision_tree,80/10/10 stratified,none,40,0.55,0.9808,0.9705546678840448,0.9853997682502897,0.9779208831646734,0.9960513069807211,0.9935304935037972,0.022691292875989446,0.014600231749710313,4252,129,5556,63,0.8273441249039024,0.007573707960546017,0.06
Exp 5: Optimized Full Pipeline,random_forest,80/10/10 stratified,none,40,0.55,0.9759,0.9637978142076503,0.9809965237543453,0.9723211209371769,0.9977913865338538,0.9970962791188398,0.027968337730870714,0.019003476245654693,4233,159,5526,82,3.655089332954958,0.052949334029108286,57.951
Exp 5: Optimized Full Pipeline,logistic_regression,80/10/10 stratified,none,40,0.4,0.8275,0.7839912280701754,0.828505214368482,0.8056338028169014,0.8836129311038889,0.8808733283876853,0.17326297273526825,0.17149478563151796,3575,985,4700,740,0.45841520896647125,0.007243540952913463,0.007
Exp 6: Temporal Generalization,logistic_regression,80/10/10 temporal,none,40,0.1,0.9093,0.7267410951621478,0.7767045454545455,0.7508926119198023,0.8862402774713152,0.7988748771091854,0.06237864077669903,0.22329545454545455,1367,514,7726,393,0.4619413330219686,0.007044832920655608,0.01
Exp 6: Temporal Generalization,xgboost,80/10/10 temporal,none,40,0.1,0.853,0.6066176470588235,0.46875,0.5288461538461539,0.916798185127979,0.627625453475898,0.06492718446601942,0.53125,825,535,7705,935,2.4080050830962136,0.016841292032040656,2.849
Exp 6: Temporal Generalization,decision_tree,80/10/10 temporal,none,40,0.35,0.8232,0.4899497487437186,0.11079545454545454,0.18072289156626506,0.5430517707413947,0.21022225542804004,0.024635922330097086,0.8892045454545454,195,203,8037,1565,0.8381345421075821,0.007265666965395212,0.057
Exp 6: Temporal Generalization,random_forest,80/10/10 temporal,none,40,0.1,0.5767,0.29333110479692465,0.9971590909090909,0.45331266950794263,0.8403096039276257,0.40273317771554334,0.5131067961165049,0.002840909090909091,1755,4228,4012,5,3.3502400419674814,0.030400792020373046,57.277
